/*
================================================================================
CAREVIEW - BRONZE LAYER (Raw Data)
================================================================================
Purpose: Raw data tables with synthetic healthcare data
Tables: PATIENTS, VISITS, DIAGNOSES, TREATMENTS, BILLING
Run As: CAREVIEW_ADMIN
================================================================================
*/

-- ============================================================================
-- 1. PATIENTS TABLE 
-- ============================================================================
CREATE OR REPLACE TABLE CAREVIEW_DB.BRONZE.PATIENTS (
    PATIENT_ID          VARCHAR(20)     COMMENT 'Unique patient identifier',
    FIRST_NAME          VARCHAR(50)     COMMENT 'Patient first name',
    LAST_NAME           VARCHAR(50)     COMMENT 'Patient last name',
    DATE_OF_BIRTH       DATE            COMMENT 'Patient birth date',
    GENDER              VARCHAR(10)     COMMENT 'Male/Female/Other',
    BLOOD_TYPE          VARCHAR(5)      COMMENT 'Blood type A+, B-, O+, etc.',
    PHONE_NUMBER        VARCHAR(15)     COMMENT 'Contact phone number',
    REGISTRATION_DATE   DATE            COMMENT 'Date patient registered'
)
COMMENT = 'Raw patient demographic information';


INSERT INTO CAREVIEW_DB.BRONZE.PATIENTS (PATIENT_ID, FIRST_NAME, LAST_NAME, DATE_OF_BIRTH, GENDER, BLOOD_TYPE, PHONE_NUMBER, REGISTRATION_DATE)
VALUES
('P0001', 'James', 'Smith', '1960-03-15', 'Male', 'A+', '555-1001', '2024-01-10'),
('P0002', 'Mary', 'Johnson', '1975-07-22', 'Female', 'B+', '555-1002', '2024-01-15'),
('P0003', 'John', 'Williams', '1982-11-08', 'Male', 'O+', '555-1003', '2024-01-20'),
('P0004', 'Patricia', 'Brown', '1968-05-30', 'Female', 'A-', '555-1004', '2024-02-01'),
('P0005', 'Robert', 'Jones', '1990-09-14', 'Male', 'B-', '555-1005', '2024-02-05'),
('P0006', 'Jennifer', 'Garcia', '1955-12-03', 'Female', 'O-', '555-1006', '2024-02-10'),
('P0007', 'Michael', 'Miller', '1978-04-18', 'Male', 'AB+', '555-1007', '2024-02-15'),
('P0008', 'Linda', 'Davis', '1965-08-25', 'Female', 'AB-', '555-1008', '2024-02-20'),
('P0009', 'William', 'Rodriguez', '1988-01-12', 'Male', 'A+', '555-1009', '2024-03-01'),
('P0010', 'Elizabeth', 'Martinez', '1972-06-07', 'Female', 'B+', '555-1010', '2024-03-05'),
('P0011', 'David', 'Anderson', '1985-10-20', 'Male', 'O+', '555-1011', '2024-03-10'),
('P0012', 'Barbara', 'Taylor', '1958-02-28', 'Female', 'A-', '555-1012', '2024-03-15'),
('P0013', 'Richard', 'Thomas', '1992-07-16', 'Male', 'B-', '555-1013', '2024-03-20'),
('P0014', 'Susan', 'Moore', '1963-11-04', 'Female', 'O-', '555-1014', '2024-04-01'),
('P0015', 'Joseph', 'Jackson', '1980-03-22', 'Male', 'AB+', '555-1015', '2024-04-05'),
('P0016', 'Jessica', 'Martin', '1970-09-11', 'Female', 'AB-', '555-1016', '2024-04-10'),
('P0017', 'Thomas', 'Lee', '1995-01-30', 'Male', 'A+', '555-1017', '2024-04-15'),
('P0018', 'Sarah', 'Thompson', '1967-05-19', 'Female', 'B+', '555-1018', '2024-04-20'),
('P0019', 'Charles', 'White', '1983-08-08', 'Male', 'O+', '555-1019', '2024-05-01'),
('P0020', 'Karen', 'Harris', '1952-12-25', 'Female', 'A-', '555-1020', '2024-05-05'),
('P0021', 'James', 'Clark', '1977-04-02', 'Male', 'B-', '555-1021', '2024-05-10'),
('P0022', 'Mary', 'Lewis', '1960-07-14', 'Female', 'O-', '555-1022', '2024-05-15'),
('P0023', 'John', 'Walker', '1989-11-27', 'Male', 'AB+', '555-1023', '2024-05-20'),
('P0024', 'Patricia', 'Hall', '1973-03-09', 'Female', 'AB-', '555-1024', '2024-06-01'),
('P0025', 'Robert', 'Allen', '1986-06-21', 'Male', 'A+', '555-1025', '2024-06-05'),
('P0026', 'Jennifer', 'Young', '1956-10-05', 'Female', 'B+', '555-1026', '2024-06-10'),
('P0027', 'Michael', 'King', '1981-02-18', 'Male', 'O+', '555-1027', '2024-06-15'),
('P0028', 'Linda', 'Wright', '1969-05-31', 'Female', 'A-', '555-1028', '2024-06-20'),
('P0029', 'William', 'Scott', '1993-09-13', 'Male', 'B-', '555-1029', '2024-07-01'),
('P0030', 'Elizabeth', 'Green', '1964-01-26', 'Female', 'O-', '555-1030', '2024-07-05'),
('P0031', 'David', 'Baker', '1979-04-08', 'Male', 'AB+', '555-1031', '2024-07-10'),
('P0032', 'Barbara', 'Adams', '1954-08-20', 'Female', 'AB-', '555-1032', '2024-07-15'),
('P0033', 'Richard', 'Nelson', '1991-12-03', 'Male', 'A+', '555-1033', '2024-07-20'),
('P0034', 'Susan', 'Hill', '1966-03-17', 'Female', 'B+', '555-1034', '2024-08-01'),
('P0035', 'Joseph', 'Ramirez', '1984-07-29', 'Male', 'O+', '555-1035', '2024-08-05'),
('P0036', 'Jessica', 'Campbell', '1971-11-11', 'Female', 'A-', '555-1036', '2024-08-10'),
('P0037', 'Thomas', 'Mitchell', '1996-02-24', 'Male', 'B-', '555-1037', '2024-08-15'),
('P0038', 'Sarah', 'Roberts', '1962-06-06', 'Female', 'O-', '555-1038', '2024-08-20'),
('P0039', 'Charles', 'Carter', '1987-09-19', 'Male', 'AB+', '555-1039', '2024-09-01'),
('P0040', 'Karen', 'Phillips', '1957-01-01', 'Female', 'AB-', '555-1040', '2024-09-05'),
('P0041', 'James', 'Evans', '1974-04-14', 'Male', 'A+', '555-1041', '2024-09-10'),
('P0042', 'Mary', 'Turner', '1961-08-27', 'Female', 'B+', '555-1042', '2024-09-15'),
('P0043', 'John', 'Torres', '1988-12-09', 'Male', 'O+', '555-1043', '2024-09-20'),
('P0044', 'Patricia', 'Parker', '1976-03-23', 'Female', 'A-', '555-1044', '2024-10-01'),
('P0045', 'Robert', 'Collins', '1994-07-05', 'Male', 'B-', '555-1045', '2024-10-05'),
('P0046', 'Jennifer', 'Edwards', '1959-10-18', 'Female', 'O-', '555-1046', '2024-10-10'),
('P0047', 'Michael', 'Stewart', '1982-02-01', 'Male', 'AB+', '555-1047', '2024-10-15'),
('P0048', 'Linda', 'Sanchez', '1968-05-14', 'Female', 'AB-', '555-1048', '2024-10-20'),
('P0049', 'William', 'Morris', '1990-08-26', 'Male', 'A+', '555-1049', '2024-11-01'),
('P0050', 'Elizabeth', 'Rogers', '1953-12-08', 'Female', 'B+', '555-1050', '2024-11-05'),
('P0051', 'David', 'Reed', '1978-03-21', 'Male', 'O+', '555-1051', '2024-11-10'),
('P0052', 'Barbara', 'Cook', '1965-07-04', 'Female', 'A-', '555-1052', '2024-11-15'),
('P0053', 'Richard', 'Morgan', '1992-10-16', 'Male', 'B-', '555-1053', '2024-11-20'),
('P0054', 'Susan', 'Bell', '1970-01-29', 'Female', 'O-', '555-1054', '2024-12-01'),
('P0055', 'Joseph', 'Murphy', '1985-05-11', 'Male', 'AB+', '555-1055', '2024-12-05'),
('P0056', 'Jessica', 'Bailey', '1963-08-24', 'Female', 'AB-', '555-1056', '2024-12-10'),
('P0057', 'Thomas', 'Rivera', '1997-12-06', 'Male', 'A+', '555-1057', '2024-12-15'),
('P0058', 'Sarah', 'Cooper', '1958-03-19', 'Female', 'B+', '555-1058', '2024-12-20'),
('P0059', 'Charles', 'Richardson', '1980-06-30', 'Male', 'O+', '555-1059', '2025-01-01'),
('P0060', 'Karen', 'Cox', '1955-10-13', 'Female', 'A-', '555-1060', '2025-01-05'),
('P0061', 'James', 'Howard', '1975-01-25', 'Male', 'B-', '555-1061', '2025-01-10'),
('P0062', 'Mary', 'Ward', '1962-05-08', 'Female', 'O-', '555-1062', '2025-01-15'),
('P0063', 'John', 'Peterson', '1989-08-20', 'Male', 'AB+', '555-1063', '2025-01-20'),
('P0064', 'Patricia', 'Gray', '1977-12-02', 'Female', 'AB-', '555-1064', '2025-02-01'),
('P0065', 'Robert', 'Ramirez', '1995-03-16', 'Male', 'A+', '555-1065', '2025-02-05'),
('P0066', 'Jennifer', 'James', '1960-07-28', 'Female', 'B+', '555-1066', '2025-02-10'),
('P0067', 'Michael', 'Watson', '1983-11-10', 'Male', 'O+', '555-1067', '2025-02-15'),
('P0068', 'Linda', 'Brooks', '1951-02-22', 'Female', 'A-', '555-1068', '2025-02-20'),
('P0069', 'William', 'Kelly', '1991-06-05', 'Male', 'B-', '555-1069', '2025-03-01'),
('P0070', 'Elizabeth', 'Sanders', '1966-09-17', 'Female', 'O-', '555-1070', '2025-03-05'),
('P0071', 'David', 'Price', '1979-01-30', 'Male', 'AB+', '555-1071', '2025-03-10'),
('P0072', 'Barbara', 'Bennett', '1954-04-12', 'Female', 'AB-', '555-1072', '2025-03-15'),
('P0073', 'Richard', 'Wood', '1993-08-25', 'Male', 'A+', '555-1073', '2025-03-20'),
('P0074', 'Susan', 'Barnes', '1969-12-07', 'Female', 'B+', '555-1074', '2025-04-01'),
('P0075', 'Joseph', 'Ross', '1986-03-20', 'Male', 'O+', '555-1075', '2025-04-05'),
('P0076', 'Jessica', 'Henderson', '1972-07-02', 'Female', 'A-', '555-1076', '2025-04-10'),
('P0077', 'Thomas', 'Coleman', '1998-10-15', 'Male', 'B-', '555-1077', '2025-04-15'),
('P0078', 'Sarah', 'Jenkins', '1959-01-27', 'Female', 'O-', '555-1078', '2025-04-20'),
('P0079', 'Charles', 'Perry', '1981-05-10', 'Male', 'AB+', '555-1079', '2025-05-01'),
('P0080', 'Karen', 'Powell', '1956-08-22', 'Female', 'AB-', '555-1080', '2025-05-05'),
('P0081', 'James', 'Long', '1976-12-04', 'Male', 'A+', '555-1081', '2025-05-10'),
('P0082', 'Mary', 'Patterson', '1963-03-17', 'Female', 'B+', '555-1082', '2025-05-15'),
('P0083', 'John', 'Hughes', '1990-06-29', 'Male', 'O+', '555-1083', '2025-05-20'),
('P0084', 'Patricia', 'Flores', '1978-10-11', 'Female', 'A-', '555-1084', '2025-06-01'),
('P0085', 'Robert', 'Washington', '1996-01-24', 'Male', 'B-', '555-1085', '2025-06-05'),
('P0086', 'Jennifer', 'Butler', '1961-05-06', 'Female', 'O-', '555-1086', '2025-06-10'),
('P0087', 'Michael', 'Simmons', '1984-08-19', 'Male', 'AB+', '555-1087', '2025-06-15'),
('P0088', 'Linda', 'Foster', '1952-11-30', 'Female', 'AB-', '555-1088', '2025-06-20'),
('P0089', 'William', 'Gonzalez', '1992-03-14', 'Male', 'A+', '555-1089', '2025-07-01'),
('P0090', 'Elizabeth', 'Bryant', '1967-06-26', 'Female', 'B+', '555-1090', '2025-07-05'),
('P0091', 'David', 'Alexander', '1980-10-08', 'Male', 'O+', '555-1091', '2025-07-10'),
('P0092', 'Barbara', 'Russell', '1955-01-21', 'Female', 'A-', '555-1092', '2025-07-15'),
('P0093', 'Richard', 'Griffin', '1994-05-03', 'Male', 'B-', '555-1093', '2025-07-20'),
('P0094', 'Susan', 'Diaz', '1971-08-16', 'Female', 'O-', '555-1094', '2025-08-01'),
('P0095', 'Joseph', 'Hayes', '1987-11-28', 'Male', 'AB+', '555-1095', '2025-08-05'),
('P0096', 'Jessica', 'Myers', '1964-02-10', 'Female', 'AB-', '555-1096', '2025-08-10'),
('P0097', 'Thomas', 'Ford', '1999-06-23', 'Male', 'A+', '555-1097', '2025-08-15'),
('P0098', 'Sarah', 'Hamilton', '1957-09-05', 'Female', 'B+', '555-1098', '2025-08-20'),
('P0099', 'Charles', 'Graham', '1982-12-18', 'Male', 'O+', '555-1099', '2025-09-01'),
('P0100', 'Karen', 'Sullivan', '1950-04-30', 'Female', 'A-', '555-1100', '2025-09-05');

-- ============================================================================
-- 2. VISITS TABLE 
-- ============================================================================
CREATE OR REPLACE TABLE CAREVIEW_DB.BRONZE.VISITS (
    VISIT_ID            VARCHAR(20)     COMMENT 'Unique visit identifier',
    PATIENT_ID          VARCHAR(20)     COMMENT 'Reference to patient',
    VISIT_DATE          DATE            COMMENT 'Date of hospital visit',
    DEPARTMENT          VARCHAR(30)     COMMENT 'Department visited',
    VISIT_TYPE          VARCHAR(20)     COMMENT 'Inpatient/Outpatient/Emergency',
    DOCTOR_NAME         VARCHAR(50)     COMMENT 'Attending physician name',
    DISCHARGE_DATE      DATE            COMMENT 'Date of discharge',
    VISIT_NOTES         VARCHAR(500)    COMMENT 'Brief notes about the visit'
)
COMMENT = 'Raw hospital visit records';

INSERT INTO CAREVIEW_DB.BRONZE.VISITS (VISIT_ID, PATIENT_ID, VISIT_DATE, DEPARTMENT, VISIT_TYPE, DOCTOR_NAME, DISCHARGE_DATE, VISIT_NOTES)
VALUES
('V00001', 'P0001', '2025-01-05', 'Cardiology', 'Outpatient', 'Dr. Adams', '2025-01-05', 'Routine checkup completed successfully'),
('V00002', 'P0001', '2025-03-15', 'Cardiology', 'Inpatient', 'Dr. Adams', '2025-03-18', 'Patient treated for acute symptoms'),
('V00003', 'P0002', '2025-02-10', 'Emergency', 'Emergency', 'Dr. Baker', '2025-02-12', 'Emergency admission, stabilized and released'),
('V00004', 'P0003', '2025-01-20', 'Orthopedics', 'Outpatient', 'Dr. Clark', '2025-01-20', 'Follow-up visit, condition improving'),
('V00005', 'P0004', '2025-02-25', 'Neurology', 'Inpatient', 'Dr. Davis', '2025-03-01', 'Diagnostic tests ordered, awaiting results'),
('V00006', 'P0005', '2025-03-01', 'Pediatrics', 'Outpatient', 'Dr. Evans', '2025-03-01', 'Routine checkup completed successfully'),
('V00007', 'P0006', '2025-01-15', 'General', 'Outpatient', 'Dr. Foster', '2025-01-15', 'Medication adjusted based on lab results'),
('V00008', 'P0006', '2025-04-10', 'General', 'Inpatient', 'Dr. Foster', '2025-04-15', 'Patient referred to specialist'),
('V00009', 'P0007', '2025-02-20', 'Oncology', 'Inpatient', 'Dr. Green', '2025-03-05', 'Scheduled procedure completed without complications'),
('V00010', 'P0008', '2025-03-10', 'Dermatology', 'Outpatient', 'Dr. Hill', '2025-03-10', 'Patient counseled on lifestyle modifications'),
('V00011', 'P0009', '2025-01-25', 'Cardiology', 'Emergency', 'Dr. Irving', '2025-01-28', 'Emergency admission, stabilized and released'),
('V00012', 'P0010', '2025-02-05', 'Emergency', 'Emergency', 'Dr. Jones', '2025-02-07', 'Patient treated for acute symptoms'),
('V00013', 'P0011', '2025-03-20', 'Orthopedics', 'Inpatient', 'Dr. King', '2025-03-25', 'Post-surgery recovery progressing well'),
('V00014', 'P0012', '2025-04-01', 'Neurology', 'Outpatient', 'Dr. Lewis', '2025-04-01', 'Follow-up visit, condition improving'),
('V00015', 'P0013', '2025-01-10', 'Pediatrics', 'Outpatient', 'Dr. Morgan', '2025-01-10', 'Routine checkup completed successfully'),
('V00016', 'P0014', '2025-02-15', 'General', 'Inpatient', 'Dr. Nelson', '2025-02-18', 'Diagnostic tests ordered, awaiting results'),
('V00017', 'P0015', '2025-03-05', 'Oncology', 'Outpatient', 'Dr. Owen', '2025-03-05', 'Patient referred to specialist'),
('V00018', 'P0016', '2025-04-15', 'Dermatology', 'Outpatient', 'Dr. Adams', '2025-04-15', 'Medication adjusted based on lab results'),
('V00019', 'P0017', '2025-01-30', 'Cardiology', 'Inpatient', 'Dr. Baker', '2025-02-02', 'Patient treated for acute symptoms'),
('V00020', 'P0018', '2025-02-28', 'Emergency', 'Emergency', 'Dr. Clark', '2025-03-02', 'Emergency admission, stabilized and released'),
('V00021', 'P0019', '2025-03-25', 'Orthopedics', 'Outpatient', 'Dr. Davis', '2025-03-25', 'Follow-up visit, condition improving'),
('V00022', 'P0020', '2025-04-05', 'Neurology', 'Inpatient', 'Dr. Evans', '2025-04-12', 'Scheduled procedure completed without complications'),
('V00023', 'P0021', '2025-01-12', 'Pediatrics', 'Outpatient', 'Dr. Foster', '2025-01-12', 'Routine checkup completed successfully'),
('V00024', 'P0022', '2025-02-22', 'General', 'Outpatient', 'Dr. Green', '2025-02-22', 'Patient counseled on lifestyle modifications'),
('V00025', 'P0023', '2025-03-08', 'Oncology', 'Inpatient', 'Dr. Hill', '2025-03-20', 'Diagnostic tests ordered, awaiting results'),
('V00026', 'P0024', '2025-04-18', 'Dermatology', 'Outpatient', 'Dr. Irving', '2025-04-18', 'Medication adjusted based on lab results'),
('V00027', 'P0025', '2025-01-08', 'Cardiology', 'Outpatient', 'Dr. Jones', '2025-01-08', 'Routine checkup completed successfully'),
('V00028', 'P0026', '2025-02-12', 'Emergency', 'Emergency', 'Dr. King', '2025-02-14', 'Patient treated for acute symptoms'),
('V00029', 'P0027', '2025-03-18', 'Orthopedics', 'Inpatient', 'Dr. Lewis', '2025-03-22', 'Post-surgery recovery progressing well'),
('V00030', 'P0028', '2025-04-08', 'Neurology', 'Outpatient', 'Dr. Morgan', '2025-04-08', 'Follow-up visit, condition improving'),
('V00031', 'P0029', '2025-01-22', 'Pediatrics', 'Outpatient', 'Dr. Nelson', '2025-01-22', 'Routine checkup completed successfully'),
('V00032', 'P0030', '2025-02-18', 'General', 'Inpatient', 'Dr. Owen', '2025-02-22', 'Diagnostic tests ordered, awaiting results'),
('V00033', 'P0031', '2025-03-12', 'Oncology', 'Outpatient', 'Dr. Adams', '2025-03-12', 'Patient referred to specialist'),
('V00034', 'P0032', '2025-04-22', 'Dermatology', 'Outpatient', 'Dr. Baker', '2025-04-22', 'Patient counseled on lifestyle modifications'),
('V00035', 'P0033', '2025-01-18', 'Cardiology', 'Emergency', 'Dr. Clark', '2025-01-21', 'Emergency admission, stabilized and released'),
('V00036', 'P0034', '2025-02-08', 'Emergency', 'Emergency', 'Dr. Davis', '2025-02-10', 'Patient treated for acute symptoms'),
('V00037', 'P0035', '2025-03-28', 'Orthopedics', 'Outpatient', 'Dr. Evans', '2025-03-28', 'Follow-up visit, condition improving'),
('V00038', 'P0036', '2025-04-12', 'Neurology', 'Inpatient', 'Dr. Foster', '2025-04-18', 'Scheduled procedure completed without complications'),
('V00039', 'P0037', '2025-01-28', 'Pediatrics', 'Outpatient', 'Dr. Green', '2025-01-28', 'Routine checkup completed successfully'),
('V00040', 'P0038', '2025-02-25', 'General', 'Outpatient', 'Dr. Hill', '2025-02-25', 'Medication adjusted based on lab results'),
('V00041', 'P0039', '2025-03-15', 'Oncology', 'Inpatient', 'Dr. Irving', '2025-03-28', 'Diagnostic tests ordered, awaiting results'),
('V00042', 'P0040', '2025-04-25', 'Dermatology', 'Outpatient', 'Dr. Jones', '2025-04-25', 'Patient counseled on lifestyle modifications'),
('V00043', 'P0041', '2025-01-05', 'Cardiology', 'Outpatient', 'Dr. King', '2025-01-05', 'Routine checkup completed successfully'),
('V00044', 'P0042', '2025-02-02', 'Emergency', 'Emergency', 'Dr. Lewis', '2025-02-05', 'Emergency admission, stabilized and released'),
('V00045', 'P0043', '2025-03-22', 'Orthopedics', 'Inpatient', 'Dr. Morgan', '2025-03-28', 'Post-surgery recovery progressing well'),
('V00046', 'P0044', '2025-04-02', 'Neurology', 'Outpatient', 'Dr. Nelson', '2025-04-02', 'Follow-up visit, condition improving'),
('V00047', 'P0045', '2025-01-15', 'Pediatrics', 'Outpatient', 'Dr. Owen', '2025-01-15', 'Routine checkup completed successfully'),
('V00048', 'P0046', '2025-02-20', 'General', 'Inpatient', 'Dr. Adams', '2025-02-25', 'Patient treated for acute symptoms'),
('V00049', 'P0047', '2025-03-10', 'Oncology', 'Outpatient', 'Dr. Baker', '2025-03-10', 'Patient referred to specialist'),
('V00050', 'P0048', '2025-04-28', 'Dermatology', 'Outpatient', 'Dr. Clark', '2025-04-28', 'Medication adjusted based on lab results'),
('V00051', 'P0049', '2025-01-10', 'Cardiology', 'Inpatient', 'Dr. Davis', '2025-01-14', 'Diagnostic tests ordered, awaiting results'),
('V00052', 'P0050', '2025-02-15', 'Emergency', 'Emergency', 'Dr. Evans', '2025-02-17', 'Emergency admission, stabilized and released'),
('V00053', 'P0051', '2025-03-05', 'Orthopedics', 'Outpatient', 'Dr. Foster', '2025-03-05', 'Follow-up visit, condition improving'),
('V00054', 'P0052', '2025-04-15', 'Neurology', 'Outpatient', 'Dr. Green', '2025-04-15', 'Routine checkup completed successfully'),
('V00055', 'P0053', '2025-01-25', 'Pediatrics', 'Outpatient', 'Dr. Hill', '2025-01-25', 'Routine checkup completed successfully'),
('V00056', 'P0054', '2025-02-28', 'General', 'Outpatient', 'Dr. Irving', '2025-02-28', 'Patient counseled on lifestyle modifications'),
('V00057', 'P0055', '2025-03-18', 'Oncology', 'Inpatient', 'Dr. Jones', '2025-04-01', 'Scheduled procedure completed without complications'),
('V00058', 'P0056', '2025-04-05', 'Dermatology', 'Outpatient', 'Dr. King', '2025-04-05', 'Medication adjusted based on lab results'),
('V00059', 'P0057', '2025-01-20', 'Cardiology', 'Outpatient', 'Dr. Lewis', '2025-01-20', 'Routine checkup completed successfully'),
('V00060', 'P0058', '2025-02-10', 'Emergency', 'Emergency', 'Dr. Morgan', '2025-02-12', 'Patient treated for acute symptoms'),
('V00061', 'P0059', '2025-03-25', 'Orthopedics', 'Inpatient', 'Dr. Nelson', '2025-03-30', 'Post-surgery recovery progressing well'),
('V00062', 'P0060', '2025-04-20', 'Neurology', 'Inpatient', 'Dr. Owen', '2025-04-28', 'Diagnostic tests ordered, awaiting results'),
('V00063', 'P0061', '2025-01-08', 'Pediatrics', 'Outpatient', 'Dr. Adams', '2025-01-08', 'Routine checkup completed successfully'),
('V00064', 'P0062', '2025-02-22', 'General', 'Inpatient', 'Dr. Baker', '2025-02-26', 'Patient treated for acute symptoms'),
('V00065', 'P0063', '2025-03-08', 'Oncology', 'Outpatient', 'Dr. Clark', '2025-03-08', 'Patient referred to specialist'),
('V00066', 'P0064', '2025-04-10', 'Dermatology', 'Outpatient', 'Dr. Davis', '2025-04-10', 'Patient counseled on lifestyle modifications'),
('V00067', 'P0065', '2025-01-30', 'Cardiology', 'Emergency', 'Dr. Evans', '2025-02-02', 'Emergency admission, stabilized and released'),
('V00068', 'P0066', '2025-02-05', 'Emergency', 'Emergency', 'Dr. Foster', '2025-02-08', 'Patient treated for acute symptoms'),
('V00069', 'P0067', '2025-03-20', 'Orthopedics', 'Outpatient', 'Dr. Green', '2025-03-20', 'Follow-up visit, condition improving'),
('V00070', 'P0068', '2025-04-25', 'Neurology', 'Outpatient', 'Dr. Hill', '2025-04-25', 'Routine checkup completed successfully'),
('V00071', 'P0069', '2025-01-12', 'Pediatrics', 'Outpatient', 'Dr. Irving', '2025-01-12', 'Routine checkup completed successfully'),
('V00072', 'P0070', '2025-02-18', 'General', 'Outpatient', 'Dr. Jones', '2025-02-18', 'Medication adjusted based on lab results'),
('V00073', 'P0071', '2025-03-28', 'Oncology', 'Inpatient', 'Dr. King', '2025-04-10', 'Scheduled procedure completed without complications'),
('V00074', 'P0072', '2025-04-08', 'Dermatology', 'Outpatient', 'Dr. Lewis', '2025-04-08', 'Patient counseled on lifestyle modifications'),
('V00075', 'P0073', '2025-01-18', 'Cardiology', 'Outpatient', 'Dr. Morgan', '2025-01-18', 'Routine checkup completed successfully'),
('V00076', 'P0074', '2025-02-25', 'Emergency', 'Emergency', 'Dr. Nelson', '2025-02-27', 'Emergency admission, stabilized and released'),
('V00077', 'P0075', '2025-03-12', 'Orthopedics', 'Inpatient', 'Dr. Owen', '2025-03-18', 'Post-surgery recovery progressing well'),
('V00078', 'P0076', '2025-04-18', 'Neurology', 'Inpatient', 'Dr. Adams', '2025-04-25', 'Diagnostic tests ordered, awaiting results'),
('V00079', 'P0077', '2025-01-22', 'Pediatrics', 'Outpatient', 'Dr. Baker', '2025-01-22', 'Routine checkup completed successfully'),
('V00080', 'P0078', '2025-02-12', 'General', 'Inpatient', 'Dr. Clark', '2025-02-16', 'Patient treated for acute symptoms'),
('V00081', 'P0079', '2025-03-02', 'Oncology', 'Outpatient', 'Dr. Davis', '2025-03-02', 'Patient referred to specialist'),
('V00082', 'P0080', '2025-04-22', 'Dermatology', 'Outpatient', 'Dr. Evans', '2025-04-22', 'Medication adjusted based on lab results'),
('V00083', 'P0081', '2025-01-28', 'Cardiology', 'Inpatient', 'Dr. Foster', '2025-02-01', 'Diagnostic tests ordered, awaiting results'),
('V00084', 'P0082', '2025-02-08', 'Emergency', 'Emergency', 'Dr. Green', '2025-02-10', 'Patient treated for acute symptoms'),
('V00085', 'P0083', '2025-03-15', 'Orthopedics', 'Outpatient', 'Dr. Hill', '2025-03-15', 'Follow-up visit, condition improving'),
('V00086', 'P0084', '2025-04-12', 'Neurology', 'Outpatient', 'Dr. Irving', '2025-04-12', 'Routine checkup completed successfully'),
('V00087', 'P0085', '2025-01-05', 'Pediatrics', 'Outpatient', 'Dr. Jones', '2025-01-05', 'Routine checkup completed successfully'),
('V00088', 'P0086', '2025-02-20', 'General', 'Outpatient', 'Dr. King', '2025-02-20', 'Patient counseled on lifestyle modifications'),
('V00089', 'P0087', '2025-03-22', 'Oncology', 'Inpatient', 'Dr. Lewis', '2025-04-05', 'Scheduled procedure completed without complications'),
('V00090', 'P0088', '2025-04-02', 'Dermatology', 'Outpatient', 'Dr. Morgan', '2025-04-02', 'Medication adjusted based on lab results'),
('V00091', 'P0089', '2025-01-15', 'Cardiology', 'Outpatient', 'Dr. Nelson', '2025-01-15', 'Routine checkup completed successfully'),
('V00092', 'P0090', '2025-02-28', 'Emergency', 'Emergency', 'Dr. Owen', '2025-03-02', 'Emergency admission, stabilized and released'),
('V00093', 'P0091', '2025-03-08', 'Orthopedics', 'Inpatient', 'Dr. Adams', '2025-03-14', 'Post-surgery recovery progressing well'),
('V00094', 'P0092', '2025-04-28', 'Neurology', 'Outpatient', 'Dr. Baker', '2025-04-28', 'Follow-up visit, condition improving'),
('V00095', 'P0093', '2025-01-25', 'Pediatrics', 'Outpatient', 'Dr. Clark', '2025-01-25', 'Routine checkup completed successfully'),
('V00096', 'P0094', '2025-02-15', 'General', 'Inpatient', 'Dr. Davis', '2025-02-20', 'Diagnostic tests ordered, awaiting results'),
('V00097', 'P0095', '2025-03-18', 'Oncology', 'Outpatient', 'Dr. Evans', '2025-03-18', 'Patient referred to specialist'),
('V00098', 'P0096', '2025-04-05', 'Dermatology', 'Outpatient', 'Dr. Foster', '2025-04-05', 'Patient counseled on lifestyle modifications'),
('V00099', 'P0097', '2025-01-10', 'Cardiology', 'Emergency', 'Dr. Green', '2025-01-13', 'Emergency admission, stabilized and released'),
('V00100', 'P0098', '2025-02-22', 'Emergency', 'Emergency', 'Dr. Hill', '2025-02-24', 'Patient treated for acute symptoms'),
('V00101', 'P0099', '2025-03-25', 'Orthopedics', 'Outpatient', 'Dr. Irving', '2025-03-25', 'Follow-up visit, condition improving'),
('V00102', 'P0100', '2025-04-15', 'Neurology', 'Inpatient', 'Dr. Jones', '2025-04-22', 'Scheduled procedure completed without complications'),
('V00103', 'P0001', '2025-05-10', 'Cardiology', 'Outpatient', 'Dr. Adams', '2025-05-10', 'Follow-up visit, condition improving'),
('V00104', 'P0002', '2025-05-15', 'General', 'Outpatient', 'Dr. Baker', '2025-05-15', 'Routine checkup completed successfully'),
('V00105', 'P0003', '2025-05-20', 'Orthopedics', 'Inpatient', 'Dr. Clark', '2025-05-25', 'Post-surgery recovery progressing well'),
('V00106', 'P0004', '2025-06-01', 'Neurology', 'Outpatient', 'Dr. Davis', '2025-06-01', 'Follow-up visit, condition improving'),
('V00107', 'P0005', '2025-06-05', 'Emergency', 'Emergency', 'Dr. Evans', '2025-06-07', 'Emergency admission, stabilized and released'),
('V00108', 'P0006', '2025-06-10', 'General', 'Outpatient', 'Dr. Foster', '2025-06-10', 'Medication adjusted based on lab results'),
('V00109', 'P0007', '2025-06-15', 'Oncology', 'Inpatient', 'Dr. Green', '2025-06-28', 'Diagnostic tests ordered, awaiting results'),
('V00110', 'P0008', '2025-06-20', 'Dermatology', 'Outpatient', 'Dr. Hill', '2025-06-20', 'Patient counseled on lifestyle modifications'),
('V00111', 'P0009', '2025-07-01', 'Cardiology', 'Outpatient', 'Dr. Irving', '2025-07-01', 'Routine checkup completed successfully'),
('V00112', 'P0010', '2025-07-05', 'Emergency', 'Emergency', 'Dr. Jones', '2025-07-08', 'Patient treated for acute symptoms'),
('V00113', 'P0011', '2025-07-10', 'Orthopedics', 'Outpatient', 'Dr. King', '2025-07-10', 'Follow-up visit, condition improving'),
('V00114', 'P0012', '2025-07-15', 'Neurology', 'Inpatient', 'Dr. Lewis', '2025-07-22', 'Scheduled procedure completed without complications'),
('V00115', 'P0013', '2025-07-20', 'Pediatrics', 'Outpatient', 'Dr. Morgan', '2025-07-20', 'Routine checkup completed successfully'),
('V00116', 'P0014', '2025-07-25', 'General', 'Outpatient', 'Dr. Nelson', '2025-07-25', 'Medication adjusted based on lab results'),
('V00117', 'P0015', '2025-08-01', 'Oncology', 'Outpatient', 'Dr. Owen', '2025-08-01', 'Patient referred to specialist'),
('V00118', 'P0016', '2025-08-05', 'Dermatology', 'Outpatient', 'Dr. Adams', '2025-08-05', 'Patient counseled on lifestyle modifications'),
('V00119', 'P0017', '2025-08-10', 'Cardiology', 'Inpatient', 'Dr. Baker', '2025-08-15', 'Diagnostic tests ordered, awaiting results'),
('V00120', 'P0018', '2025-08-15', 'Emergency', 'Emergency', 'Dr. Clark', '2025-08-17', 'Emergency admission, stabilized and released');

-- ============================================================================
-- 3. DIAGNOSES TABLE 
-- ============================================================================
CREATE OR REPLACE TABLE CAREVIEW_DB.BRONZE.DIAGNOSES (
    DIAGNOSIS_ID        VARCHAR(20)     COMMENT 'Unique diagnosis identifier',
    VISIT_ID            VARCHAR(20)     COMMENT 'Reference to visit',
    PATIENT_ID          VARCHAR(20)     COMMENT 'Reference to patient',
    DIAGNOSIS_CODE      VARCHAR(10)     COMMENT 'ICD-10 diagnosis code',
    DIAGNOSIS_NAME      VARCHAR(100)    COMMENT 'Diagnosis description',
    SEVERITY            VARCHAR(20)     COMMENT 'Mild/Moderate/Severe/Critical',
    DIAGNOSIS_DATE      DATE            COMMENT 'Date diagnosis was made'
)
COMMENT = 'Raw medical diagnosis records';

INSERT INTO CAREVIEW_DB.BRONZE.DIAGNOSES (DIAGNOSIS_ID, VISIT_ID, PATIENT_ID, DIAGNOSIS_CODE, DIAGNOSIS_NAME, SEVERITY, DIAGNOSIS_DATE)
VALUES
('D00001', 'V00001', 'P0001', 'I10', 'Hypertension', 'Moderate', '2025-01-05'),
('D00002', 'V00002', 'P0001', 'I25', 'Coronary Artery Disease', 'Severe', '2025-03-15'),
('D00003', 'V00003', 'P0002', 'J06', 'Upper Respiratory Infection', 'Mild', '2025-02-10'),
('D00004', 'V00004', 'P0003', 'M54', 'Lower Back Pain', 'Moderate', '2025-01-20'),
('D00005', 'V00005', 'P0004', 'I63', 'Ischemic Stroke', 'Critical', '2025-02-25'),
('D00006', 'V00006', 'P0005', 'J06', 'Upper Respiratory Infection', 'Mild', '2025-03-01'),
('D00007', 'V00007', 'P0006', 'E11', 'Type 2 Diabetes', 'Moderate', '2025-01-15'),
('D00008', 'V00008', 'P0006', 'E11', 'Type 2 Diabetes', 'Moderate', '2025-04-10'),
('D00009', 'V00009', 'P0007', 'C34', 'Lung Cancer', 'Severe', '2025-02-20'),
('D00010', 'V00010', 'P0008', 'L40', 'Psoriasis', 'Mild', '2025-03-10'),
('D00011', 'V00011', 'P0009', 'I25', 'Coronary Artery Disease', 'Severe', '2025-01-25'),
('D00012', 'V00012', 'P0010', 'S72', 'Femur Fracture', 'Moderate', '2025-02-05'),
('D00013', 'V00013', 'P0011', 'M17', 'Knee Arthritis', 'Severe', '2025-03-20'),
('D00014', 'V00014', 'P0012', 'G43', 'Migraine', 'Moderate', '2025-04-01'),
('D00015', 'V00015', 'P0013', 'J06', 'Upper Respiratory Infection', 'Mild', '2025-01-10'),
('D00016', 'V00016', 'P0014', 'K21', 'Acid Reflux Disease', 'Moderate', '2025-02-15'),
('D00017', 'V00017', 'P0015', 'C18', 'Colon Cancer', 'Severe', '2025-03-05'),
('D00018', 'V00018', 'P0016', 'L20', 'Eczema', 'Mild', '2025-04-15'),
('D00019', 'V00019', 'P0017', 'I10', 'Hypertension', 'Moderate', '2025-01-30'),
('D00020', 'V00020', 'P0018', 'S52', 'Forearm Fracture', 'Moderate', '2025-02-28'),
('D00021', 'V00021', 'P0019', 'M54', 'Lower Back Pain', 'Mild', '2025-03-25'),
('D00022', 'V00022', 'P0020', 'G30', 'Alzheimers Disease', 'Severe', '2025-04-05'),
('D00023', 'V00023', 'P0021', 'J45', 'Asthma', 'Mild', '2025-01-12'),
('D00024', 'V00024', 'P0022', 'F32', 'Depression', 'Moderate', '2025-02-22'),
('D00025', 'V00025', 'P0023', 'C50', 'Breast Cancer', 'Severe', '2025-03-08'),
('D00026', 'V00026', 'P0024', 'L70', 'Acne', 'Mild', '2025-04-18'),
('D00027', 'V00027', 'P0025', 'I10', 'Hypertension', 'Mild', '2025-01-08'),
('D00028', 'V00028', 'P0026', 'J18', 'Pneumonia', 'Moderate', '2025-02-12'),
('D00029', 'V00029', 'P0027', 'M17', 'Knee Arthritis', 'Moderate', '2025-03-18'),
('D00030', 'V00030', 'P0028', 'G40', 'Epilepsy', 'Moderate', '2025-04-08'),
('D00031', 'V00031', 'P0029', 'J06', 'Upper Respiratory Infection', 'Mild', '2025-01-22'),
('D00032', 'V00032', 'P0030', 'E78', 'High Cholesterol', 'Moderate', '2025-02-18'),
('D00033', 'V00033', 'P0031', 'C61', 'Prostate Cancer', 'Severe', '2025-03-12'),
('D00034', 'V00034', 'P0032', 'L23', 'Allergic Dermatitis', 'Mild', '2025-04-22'),
('D00035', 'V00035', 'P0033', 'I21', 'Heart Attack', 'Critical', '2025-01-18'),
('D00036', 'V00036', 'P0034', 'S82', 'Lower Leg Fracture', 'Moderate', '2025-02-08'),
('D00037', 'V00037', 'P0035', 'M54', 'Lower Back Pain', 'Mild', '2025-03-28'),
('D00038', 'V00038', 'P0036', 'G35', 'Multiple Sclerosis', 'Severe', '2025-04-12'),
('D00039', 'V00039', 'P0037', 'J45', 'Asthma', 'Mild', '2025-01-28'),
('D00040', 'V00040', 'P0038', 'K29', 'Gastritis', 'Mild', '2025-02-25'),
('D00041', 'V00041', 'P0039', 'C34', 'Lung Cancer', 'Severe', '2025-03-15'),
('D00042', 'V00042', 'P0040', 'L40', 'Psoriasis', 'Mild', '2025-04-25'),
('D00043', 'V00043', 'P0041', 'I10', 'Hypertension', 'Mild', '2025-01-05'),
('D00044', 'V00044', 'P0042', 'J18', 'Pneumonia', 'Moderate', '2025-02-02'),
('D00045', 'V00045', 'P0043', 'M16', 'Hip Arthritis', 'Severe', '2025-03-22'),
('D00046', 'V00046', 'P0044', 'G43', 'Migraine', 'Mild', '2025-04-02'),
('D00047', 'V00047', 'P0045', 'J06', 'Upper Respiratory Infection', 'Mild', '2025-01-15'),
('D00048', 'V00048', 'P0046', 'F41', 'Anxiety Disorder', 'Moderate', '2025-02-20'),
('D00049', 'V00049', 'P0047', 'C18', 'Colon Cancer', 'Severe', '2025-03-10'),
('D00050', 'V00050', 'P0048', 'L20', 'Eczema', 'Mild', '2025-04-28'),
('D00051', 'V00051', 'P0049', 'I25', 'Coronary Artery Disease', 'Moderate', '2025-01-10'),
('D00052', 'V00052', 'P0050', 'S42', 'Shoulder Fracture', 'Moderate', '2025-02-15'),
('D00053', 'V00053', 'P0051', 'M54', 'Lower Back Pain', 'Mild', '2025-03-05'),
('D00054', 'V00054', 'P0052', 'G20', 'Parkinsons Disease', 'Moderate', '2025-04-15'),
('D00055', 'V00055', 'P0053', 'J45', 'Asthma', 'Mild', '2025-01-25'),
('D00056', 'V00056', 'P0054', 'K21', 'Acid Reflux Disease', 'Mild', '2025-02-28'),
('D00057', 'V00057', 'P0055', 'C50', 'Breast Cancer', 'Severe', '2025-03-18'),
('D00058', 'V00058', 'P0056', 'L70', 'Acne', 'Mild', '2025-04-05'),
('D00059', 'V00059', 'P0057', 'I10', 'Hypertension', 'Mild', '2025-01-20'),
('D00060', 'V00060', 'P0058', 'J20', 'Bronchitis', 'Moderate', '2025-02-10'),
('D00061', 'V00061', 'P0059', 'M17', 'Knee Arthritis', 'Moderate', '2025-03-25'),
('D00062', 'V00062', 'P0060', 'G30', 'Alzheimers Disease', 'Severe', '2025-04-20'),
('D00063', 'V00063', 'P0061', 'J06', 'Upper Respiratory Infection', 'Mild', '2025-01-08'),
('D00064', 'V00064', 'P0062', 'E11', 'Type 2 Diabetes', 'Moderate', '2025-02-22'),
('D00065', 'V00065', 'P0063', 'C61', 'Prostate Cancer', 'Severe', '2025-03-08'),
('D00066', 'V00066', 'P0064', 'L23', 'Allergic Dermatitis', 'Mild', '2025-04-10'),
('D00067', 'V00067', 'P0065', 'I21', 'Heart Attack', 'Critical', '2025-01-30'),
('D00068', 'V00068', 'P0066', 'S72', 'Femur Fracture', 'Moderate', '2025-02-05'),
('D00069', 'V00069', 'P0067', 'M54', 'Lower Back Pain', 'Mild', '2025-03-20'),
('D00070', 'V00070', 'P0068', 'G40', 'Epilepsy', 'Moderate', '2025-04-25'),
('D00071', 'V00071', 'P0069', 'J45', 'Asthma', 'Mild', '2025-01-12'),
('D00072', 'V00072', 'P0070', 'F32', 'Depression', 'Moderate', '2025-02-18'),
('D00073', 'V00073', 'P0071', 'C34', 'Lung Cancer', 'Severe', '2025-03-28'),
('D00074', 'V00074', 'P0072', 'L40', 'Psoriasis', 'Mild', '2025-04-08'),
('D00075', 'V00075', 'P0073', 'I10', 'Hypertension', 'Mild', '2025-01-18'),
('D00076', 'V00076', 'P0074', 'J18', 'Pneumonia', 'Moderate', '2025-02-25'),
('D00077', 'V00077', 'P0075', 'M16', 'Hip Arthritis', 'Moderate', '2025-03-12'),
('D00078', 'V00078', 'P0076', 'G35', 'Multiple Sclerosis', 'Severe', '2025-04-18'),
('D00079', 'V00079', 'P0077', 'J06', 'Upper Respiratory Infection', 'Mild', '2025-01-22'),
('D00080', 'V00080', 'P0078', 'E78', 'High Cholesterol', 'Moderate', '2025-02-12'),
('D00081', 'V00081', 'P0079', 'C18', 'Colon Cancer', 'Severe', '2025-03-02'),
('D00082', 'V00082', 'P0080', 'L20', 'Eczema', 'Mild', '2025-04-22'),
('D00083', 'V00083', 'P0081', 'I25', 'Coronary Artery Disease', 'Moderate', '2025-01-28'),
('D00084', 'V00084', 'P0082', 'S52', 'Forearm Fracture', 'Moderate', '2025-02-08'),
('D00085', 'V00085', 'P0083', 'M54', 'Lower Back Pain', 'Mild', '2025-03-15'),
('D00086', 'V00086', 'P0084', 'G43', 'Migraine', 'Mild', '2025-04-12'),
('D00087', 'V00087', 'P0085', 'J45', 'Asthma', 'Mild', '2025-01-05'),
('D00088', 'V00088', 'P0086', 'K29', 'Gastritis', 'Mild', '2025-02-20'),
('D00089', 'V00089', 'P0087', 'C50', 'Breast Cancer', 'Severe', '2025-03-22'),
('D00090', 'V00090', 'P0088', 'L70', 'Acne', 'Mild', '2025-04-02'),
('D00091', 'V00091', 'P0089', 'I10', 'Hypertension', 'Mild', '2025-01-15'),
('D00092', 'V00092', 'P0090', 'J20', 'Bronchitis', 'Moderate', '2025-02-28'),
('D00093', 'V00093', 'P0091', 'M17', 'Knee Arthritis', 'Moderate', '2025-03-08'),
('D00094', 'V00094', 'P0092', 'G20', 'Parkinsons Disease', 'Moderate', '2025-04-28'),
('D00095', 'V00095', 'P0093', 'J06', 'Upper Respiratory Infection', 'Mild', '2025-01-25'),
('D00096', 'V00096', 'P0094', 'F41', 'Anxiety Disorder', 'Moderate', '2025-02-15'),
('D00097', 'V00097', 'P0095', 'C61', 'Prostate Cancer', 'Severe', '2025-03-18'),
('D00098', 'V00098', 'P0096', 'L23', 'Allergic Dermatitis', 'Mild', '2025-04-05'),
('D00099', 'V00099', 'P0097', 'I21', 'Heart Attack', 'Critical', '2025-01-10'),
('D00100', 'V00100', 'P0098', 'S82', 'Lower Leg Fracture', 'Moderate', '2025-02-22'),
('D00101', 'V00101', 'P0099', 'M54', 'Lower Back Pain', 'Mild', '2025-03-25'),
('D00102', 'V00102', 'P0100', 'G40', 'Epilepsy', 'Moderate', '2025-04-15'),
('D00103', 'V00103', 'P0001', 'I10', 'Hypertension', 'Mild', '2025-05-10'),
('D00104', 'V00104', 'P0002', 'E11', 'Type 2 Diabetes', 'Mild', '2025-05-15'),
('D00105', 'V00105', 'P0003', 'M17', 'Knee Arthritis', 'Moderate', '2025-05-20'),
('D00106', 'V00106', 'P0004', 'G43', 'Migraine', 'Mild', '2025-06-01'),
('D00107', 'V00107', 'P0005', 'J18', 'Pneumonia', 'Moderate', '2025-06-05'),
('D00108', 'V00108', 'P0006', 'E11', 'Type 2 Diabetes', 'Moderate', '2025-06-10'),
('D00109', 'V00109', 'P0007', 'C34', 'Lung Cancer', 'Severe', '2025-06-15'),
('D00110', 'V00110', 'P0008', 'L40', 'Psoriasis', 'Mild', '2025-06-20'),
('D00111', 'V00111', 'P0009', 'I10', 'Hypertension', 'Mild', '2025-07-01'),
('D00112', 'V00112', 'P0010', 'S72', 'Femur Fracture', 'Moderate', '2025-07-05'),
('D00113', 'V00113', 'P0011', 'M54', 'Lower Back Pain', 'Mild', '2025-07-10'),
('D00114', 'V00114', 'P0012', 'G30', 'Alzheimers Disease', 'Severe', '2025-07-15'),
('D00115', 'V00115', 'P0013', 'J45', 'Asthma', 'Mild', '2025-07-20'),
('D00116', 'V00116', 'P0014', 'K21', 'Acid Reflux Disease', 'Mild', '2025-07-25'),
('D00117', 'V00117', 'P0015', 'C18', 'Colon Cancer', 'Severe', '2025-08-01'),
('D00118', 'V00118', 'P0016', 'L20', 'Eczema', 'Mild', '2025-08-05'),
('D00119', 'V00119', 'P0017', 'I25', 'Coronary Artery Disease', 'Moderate', '2025-08-10'),
('D00120', 'V00120', 'P0018', 'J06', 'Upper Respiratory Infection', 'Mild', '2025-08-15');

-- ============================================================================
-- 4. TREATMENTS TABLE 
-- ============================================================================
CREATE OR REPLACE TABLE CAREVIEW_DB.BRONZE.TREATMENTS (
    TREATMENT_ID        VARCHAR(20)     COMMENT 'Unique treatment identifier',
    VISIT_ID            VARCHAR(20)     COMMENT 'Reference to visit',
    PATIENT_ID          VARCHAR(20)     COMMENT 'Reference to patient',
    TREATMENT_NAME      VARCHAR(100)    COMMENT 'Name of treatment/procedure',
    TREATMENT_TYPE      VARCHAR(30)     COMMENT 'Medication/Surgery/Therapy/Test',
    TREATMENT_DATE      DATE            COMMENT 'Date treatment was given',
    DOCTOR_NAME         VARCHAR(50)     COMMENT 'Doctor who performed treatment',
    OUTCOME             VARCHAR(30)     COMMENT 'Successful/Ongoing/Complications'
)
COMMENT = 'Raw treatment and procedure records';

INSERT INTO CAREVIEW_DB.BRONZE.TREATMENTS (TREATMENT_ID, VISIT_ID, PATIENT_ID, TREATMENT_NAME, TREATMENT_TYPE, TREATMENT_DATE, DOCTOR_NAME, OUTCOME)
VALUES
('T00001', 'V00001', 'P0001', 'Blood Pressure Medication', 'Medication', '2025-01-05', 'Dr. Adams', 'Successful'),
('T00002', 'V00002', 'P0001', 'Cardiac Stent Procedure', 'Surgery', '2025-03-16', 'Dr. Adams', 'Successful'),
('T00003', 'V00003', 'P0002', 'Antibiotic Course', 'Medication', '2025-02-10', 'Dr. Baker', 'Successful'),
('T00004', 'V00004', 'P0003', 'Physical Therapy', 'Therapy', '2025-01-21', 'Dr. Clark', 'Ongoing'),
('T00005', 'V00005', 'P0004', 'Clot Dissolving Therapy', 'Therapy', '2025-02-25', 'Dr. Davis', 'Successful'),
('T00006', 'V00006', 'P0005', 'Inhaler Prescription', 'Medication', '2025-03-01', 'Dr. Evans', 'Successful'),
('T00007', 'V00007', 'P0006', 'Insulin Therapy', 'Medication', '2025-01-15', 'Dr. Foster', 'Ongoing'),
('T00008', 'V00008', 'P0006', 'Blood Test Panel', 'Test', '2025-04-10', 'Dr. Foster', 'Successful'),
('T00009', 'V00009', 'P0007', 'CT Scan', 'Test', '2025-02-20', 'Dr. Green', 'Successful'),
('T00010', 'V00010', 'P0008', 'Pain Management', 'Medication', '2025-03-10', 'Dr. Hill', 'Ongoing'),
('T00011', 'V00011', 'P0009', 'Cardiac Stent Procedure', 'Surgery', '2025-01-26', 'Dr. Irving', 'Successful'),
('T00012', 'V00012', 'P0010', 'MRI Scan', 'Test', '2025-02-05', 'Dr. Jones', 'Successful'),
('T00013', 'V00013', 'P0011', 'Joint Replacement Surgery', 'Surgery', '2025-03-21', 'Dr. King', 'Successful'),
('T00014', 'V00014', 'P0012', 'Pain Management', 'Medication', '2025-04-01', 'Dr. Lewis', 'Ongoing'),
('T00015', 'V00015', 'P0013', 'Antibiotic Course', 'Medication', '2025-01-10', 'Dr. Morgan', 'Successful'),
('T00016', 'V00016', 'P0014', 'Antidepressant Medication', 'Medication', '2025-02-15', 'Dr. Nelson', 'Ongoing'),
('T00017', 'V00017', 'P0015', 'CT Scan', 'Test', '2025-03-05', 'Dr. Owen', 'Successful'),
('T00018', 'V00018', 'P0016', 'Pain Management', 'Medication', '2025-04-15', 'Dr. Adams', 'Successful'),
('T00019', 'V00019', 'P0017', 'Blood Pressure Medication', 'Medication', '2025-01-30', 'Dr. Baker', 'Ongoing'),
('T00020', 'V00020', 'P0018', 'MRI Scan', 'Test', '2025-02-28', 'Dr. Clark', 'Successful'),
('T00021', 'V00021', 'P0019', 'Physical Therapy', 'Therapy', '2025-03-25', 'Dr. Davis', 'Ongoing'),
('T00022', 'V00022', 'P0020', 'Dialysis Treatment', 'Therapy', '2025-04-06', 'Dr. Evans', 'Ongoing'),
('T00023', 'V00023', 'P0021', 'Inhaler Prescription', 'Medication', '2025-01-12', 'Dr. Foster', 'Successful'),
('T00024', 'V00024', 'P0022', 'Antidepressant Medication', 'Medication', '2025-02-22', 'Dr. Green', 'Ongoing'),
('T00025', 'V00025', 'P0023', 'CT Scan', 'Test', '2025-03-09', 'Dr. Hill', 'Successful'),
('T00026', 'V00026', 'P0024', 'Pain Management', 'Medication', '2025-04-18', 'Dr. Irving', 'Successful'),
('T00027', 'V00027', 'P0025', 'Blood Pressure Medication', 'Medication', '2025-01-08', 'Dr. Jones', 'Successful'),
('T00028', 'V00028', 'P0026', 'Antibiotic Course', 'Medication', '2025-02-12', 'Dr. King', 'Successful'),
('T00029', 'V00029', 'P0027', 'Physical Therapy', 'Therapy', '2025-03-19', 'Dr. Lewis', 'Ongoing'),
('T00030', 'V00030', 'P0028', 'Statin Medication', 'Medication', '2025-04-08', 'Dr. Morgan', 'Successful'),
('T00031', 'V00031', 'P0029', 'Inhaler Prescription', 'Medication', '2025-01-22', 'Dr. Nelson', 'Successful'),
('T00032', 'V00032', 'P0030', 'Statin Medication', 'Medication', '2025-02-18', 'Dr. Owen', 'Ongoing'),
('T00033', 'V00033', 'P0031', 'CT Scan', 'Test', '2025-03-12', 'Dr. Adams', 'Successful'),
('T00034', 'V00034', 'P0032', 'Pain Management', 'Medication', '2025-04-22', 'Dr. Baker', 'Successful'),
('T00035', 'V00035', 'P0033', 'Cardiac Stent Procedure', 'Surgery', '2025-01-19', 'Dr. Clark', 'Successful'),
('T00036', 'V00036', 'P0034', 'MRI Scan', 'Test', '2025-02-08', 'Dr. Davis', 'Successful'),
('T00037', 'V00037', 'P0035', 'Physical Therapy', 'Therapy', '2025-03-28', 'Dr. Evans', 'Ongoing'),
('T00038', 'V00038', 'P0036', 'Dialysis Treatment', 'Therapy', '2025-04-13', 'Dr. Foster', 'Ongoing'),
('T00039', 'V00039', 'P0037', 'Inhaler Prescription', 'Medication', '2025-01-28', 'Dr. Green', 'Successful'),
('T00040', 'V00040', 'P0038', 'Antidepressant Medication', 'Medication', '2025-02-25', 'Dr. Hill', 'Ongoing'),
('T00041', 'V00041', 'P0039', 'CT Scan', 'Test', '2025-03-16', 'Dr. Irving', 'Successful'),
('T00042', 'V00042', 'P0040', 'Pain Management', 'Medication', '2025-04-25', 'Dr. Jones', 'Successful'),
('T00043', 'V00043', 'P0041', 'Blood Pressure Medication', 'Medication', '2025-01-05', 'Dr. King', 'Successful'),
('T00044', 'V00044', 'P0042', 'Antibiotic Course', 'Medication', '2025-02-03', 'Dr. Lewis', 'Successful'),
('T00045', 'V00045', 'P0043', 'Joint Replacement Surgery', 'Surgery', '2025-03-23', 'Dr. Morgan', 'Successful'),
('T00046', 'V00046', 'P0044', 'Pain Management', 'Medication', '2025-04-02', 'Dr. Nelson', 'Ongoing'),
('T00047', 'V00047', 'P0045', 'Inhaler Prescription', 'Medication', '2025-01-15', 'Dr. Owen', 'Successful'),
('T00048', 'V00048', 'P0046', 'Antidepressant Medication', 'Medication', '2025-02-21', 'Dr. Adams', 'Ongoing'),
('T00049', 'V00049', 'P0047', 'CT Scan', 'Test', '2025-03-10', 'Dr. Baker', 'Successful'),
('T00050', 'V00050', 'P0048', 'Pain Management', 'Medication', '2025-04-28', 'Dr. Clark', 'Successful'),
('T00051', 'V00051', 'P0049', 'Cardiac Stent Procedure', 'Surgery', '2025-01-11', 'Dr. Davis', 'Successful'),
('T00052', 'V00052', 'P0050', 'MRI Scan', 'Test', '2025-02-15', 'Dr. Evans', 'Successful'),
('T00053', 'V00053', 'P0051', 'Physical Therapy', 'Therapy', '2025-03-05', 'Dr. Foster', 'Ongoing'),
('T00054', 'V00054', 'P0052', 'Statin Medication', 'Medication', '2025-04-15', 'Dr. Green', 'Ongoing'),
('T00055', 'V00055', 'P0053', 'Inhaler Prescription', 'Medication', '2025-01-25', 'Dr. Hill', 'Successful'),
('T00056', 'V00056', 'P0054', 'Antidepressant Medication', 'Medication', '2025-02-28', 'Dr. Irving', 'Ongoing'),
('T00057', 'V00057', 'P0055', 'CT Scan', 'Test', '2025-03-19', 'Dr. Jones', 'Successful'),
('T00058', 'V00058', 'P0056', 'Pain Management', 'Medication', '2025-04-05', 'Dr. King', 'Successful'),
('T00059', 'V00059', 'P0057', 'Blood Pressure Medication', 'Medication', '2025-01-20', 'Dr. Lewis', 'Successful'),
('T00060', 'V00060', 'P0058', 'Antibiotic Course', 'Medication', '2025-02-10', 'Dr. Morgan', 'Successful'),
('T00061', 'V00061', 'P0059', 'Physical Therapy', 'Therapy', '2025-03-26', 'Dr. Nelson', 'Ongoing'),
('T00062', 'V00062', 'P0060', 'Dialysis Treatment', 'Therapy', '2025-04-21', 'Dr. Owen', 'Ongoing'),
('T00063', 'V00063', 'P0061', 'Inhaler Prescription', 'Medication', '2025-01-08', 'Dr. Adams', 'Successful'),
('T00064', 'V00064', 'P0062', 'Insulin Therapy', 'Medication', '2025-02-23', 'Dr. Baker', 'Ongoing'),
('T00065', 'V00065', 'P0063', 'CT Scan', 'Test', '2025-03-08', 'Dr. Clark', 'Successful'),
('T00066', 'V00066', 'P0064', 'Pain Management', 'Medication', '2025-04-10', 'Dr. Davis', 'Successful'),
('T00067', 'V00067', 'P0065', 'Cardiac Stent Procedure', 'Surgery', '2025-01-31', 'Dr. Evans', 'Successful'),
('T00068', 'V00068', 'P0066', 'MRI Scan', 'Test', '2025-02-06', 'Dr. Foster', 'Successful'),
('T00069', 'V00069', 'P0067', 'Physical Therapy', 'Therapy', '2025-03-20', 'Dr. Green', 'Ongoing'),
('T00070', 'V00070', 'P0068', 'Statin Medication', 'Medication', '2025-04-25', 'Dr. Hill', 'Ongoing'),
('T00071', 'V00071', 'P0069', 'Inhaler Prescription', 'Medication', '2025-01-12', 'Dr. Irving', 'Successful'),
('T00072', 'V00072', 'P0070', 'Antidepressant Medication', 'Medication', '2025-02-18', 'Dr. Jones', 'Ongoing'),
('T00073', 'V00073', 'P0071', 'CT Scan', 'Test', '2025-03-29', 'Dr. King', 'Successful'),
('T00074', 'V00074', 'P0072', 'Pain Management', 'Medication', '2025-04-08', 'Dr. Lewis', 'Successful'),
('T00075', 'V00075', 'P0073', 'Blood Pressure Medication', 'Medication', '2025-01-18', 'Dr. Morgan', 'Successful'),
('T00076', 'V00076', 'P0074', 'Antibiotic Course', 'Medication', '2025-02-25', 'Dr. Nelson', 'Successful'),
('T00077', 'V00077', 'P0075', 'Joint Replacement Surgery', 'Surgery', '2025-03-13', 'Dr. Owen', 'Successful'),
('T00078', 'V00078', 'P0076', 'Dialysis Treatment', 'Therapy', '2025-04-19', 'Dr. Adams', 'Ongoing'),
('T00079', 'V00079', 'P0077', 'Inhaler Prescription', 'Medication', '2025-01-22', 'Dr. Baker', 'Successful'),
('T00080', 'V00080', 'P0078', 'Statin Medication', 'Medication', '2025-02-13', 'Dr. Clark', 'Ongoing'),
('T00081', 'V00081', 'P0079', 'CT Scan', 'Test', '2025-03-02', 'Dr. Davis', 'Successful'),
('T00082', 'V00082', 'P0080', 'Pain Management', 'Medication', '2025-04-22', 'Dr. Evans', 'Successful'),
('T00083', 'V00083', 'P0081', 'Cardiac Stent Procedure', 'Surgery', '2025-01-29', 'Dr. Foster', 'Successful'),
('T00084', 'V00084', 'P0082', 'MRI Scan', 'Test', '2025-02-09', 'Dr. Green', 'Successful'),
('T00085', 'V00085', 'P0083', 'Physical Therapy', 'Therapy', '2025-03-15', 'Dr. Hill', 'Ongoing'),
('T00086', 'V00086', 'P0084', 'Pain Management', 'Medication', '2025-04-12', 'Dr. Irving', 'Ongoing'),
('T00087', 'V00087', 'P0085', 'Inhaler Prescription', 'Medication', '2025-01-05', 'Dr. Jones', 'Successful'),
('T00088', 'V00088', 'P0086', 'Antidepressant Medication', 'Medication', '2025-02-20', 'Dr. King', 'Ongoing'),
('T00089', 'V00089', 'P0087', 'CT Scan', 'Test', '2025-03-23', 'Dr. Lewis', 'Successful'),
('T00090', 'V00090', 'P0088', 'Pain Management', 'Medication', '2025-04-02', 'Dr. Morgan', 'Successful'),
('T00091', 'V00091', 'P0089', 'Blood Pressure Medication', 'Medication', '2025-01-15', 'Dr. Nelson', 'Successful'),
('T00092', 'V00092', 'P0090', 'Antibiotic Course', 'Medication', '2025-03-01', 'Dr. Owen', 'Successful'),
('T00093', 'V00093', 'P0091', 'Physical Therapy', 'Therapy', '2025-03-09', 'Dr. Adams', 'Ongoing'),
('T00094', 'V00094', 'P0092', 'Statin Medication', 'Medication', '2025-04-28', 'Dr. Baker', 'Ongoing'),
('T00095', 'V00095', 'P0093', 'Inhaler Prescription', 'Medication', '2025-01-25', 'Dr. Clark', 'Successful'),
('T00096', 'V00096', 'P0094', 'Antidepressant Medication', 'Medication', '2025-02-16', 'Dr. Davis', 'Ongoing'),
('T00097', 'V00097', 'P0095', 'CT Scan', 'Test', '2025-03-18', 'Dr. Evans', 'Successful'),
('T00098', 'V00098', 'P0096', 'Pain Management', 'Medication', '2025-04-05', 'Dr. Foster', 'Successful'),
('T00099', 'V00099', 'P0097', 'Cardiac Stent Procedure', 'Surgery', '2025-01-11', 'Dr. Green', 'Complications'),
('T00100', 'V00100', 'P0098', 'MRI Scan', 'Test', '2025-02-22', 'Dr. Hill', 'Successful'),
('T00101', 'V00101', 'P0099', 'Physical Therapy', 'Therapy', '2025-03-25', 'Dr. Irving', 'Ongoing'),
('T00102', 'V00102', 'P0100', 'Statin Medication', 'Medication', '2025-04-16', 'Dr. Jones', 'Ongoing'),
('T00103', 'V00103', 'P0001', 'Blood Pressure Medication', 'Medication', '2025-05-10', 'Dr. Adams', 'Successful'),
('T00104', 'V00104', 'P0002', 'Insulin Therapy', 'Medication', '2025-05-15', 'Dr. Baker', 'Ongoing'),
('T00105', 'V00105', 'P0003', 'Physical Therapy', 'Therapy', '2025-05-21', 'Dr. Clark', 'Ongoing'),
('T00106', 'V00106', 'P0004', 'Pain Management', 'Medication', '2025-06-01', 'Dr. Davis', 'Successful'),
('T00107', 'V00107', 'P0005', 'Antibiotic Course', 'Medication', '2025-06-06', 'Dr. Evans', 'Successful'),
('T00108', 'V00108', 'P0006', 'Insulin Therapy', 'Medication', '2025-06-10', 'Dr. Foster', 'Ongoing'),
('T00109', 'V00109', 'P0007', 'CT Scan', 'Test', '2025-06-16', 'Dr. Green', 'Successful'),
('T00110', 'V00110', 'P0008', 'Pain Management', 'Medication', '2025-06-20', 'Dr. Hill', 'Successful'),
('T00111', 'V00111', 'P0009', 'Blood Pressure Medication', 'Medication', '2025-07-01', 'Dr. Irving', 'Successful'),
('T00112', 'V00112', 'P0010', 'MRI Scan', 'Test', '2025-07-06', 'Dr. Jones', 'Successful'),
('T00113', 'V00113', 'P0011', 'Physical Therapy', 'Therapy', '2025-07-10', 'Dr. King', 'Ongoing'),
('T00114', 'V00114', 'P0012', 'Dialysis Treatment', 'Therapy', '2025-07-16', 'Dr. Lewis', 'Ongoing'),
('T00115', 'V00115', 'P0013', 'Inhaler Prescription', 'Medication', '2025-07-20', 'Dr. Morgan', 'Successful'),
('T00116', 'V00116', 'P0014', 'Antidepressant Medication', 'Medication', '2025-07-25', 'Dr. Nelson', 'Ongoing'),
('T00117', 'V00117', 'P0015', 'CT Scan', 'Test', '2025-08-01', 'Dr. Owen', 'Successful'),
('T00118', 'V00118', 'P0016', 'Pain Management', 'Medication', '2025-08-05', 'Dr. Adams', 'Successful'),
('T00119', 'V00119', 'P0017', 'Cardiac Stent Procedure', 'Surgery', '2025-08-11', 'Dr. Baker', 'Successful'),
('T00120', 'V00120', 'P0018', 'Antibiotic Course', 'Medication', '2025-08-15', 'Dr. Clark', 'Successful');

-- ============================================================================
-- 5. BILLING TABLE
-- ============================================================================
CREATE OR REPLACE TABLE CAREVIEW_DB.BRONZE.BILLING (
    BILL_ID             VARCHAR(20)     COMMENT 'Unique billing identifier',
    VISIT_ID            VARCHAR(20)     COMMENT 'Reference to visit',
    PATIENT_ID          VARCHAR(20)     COMMENT 'Reference to patient',
    SERVICE_NAME        VARCHAR(100)    COMMENT 'Description of billed service',
    AMOUNT              DECIMAL(10,2)   COMMENT 'Billed amount in USD',
    PAYMENT_STATUS      VARCHAR(20)     COMMENT 'Paid/Pending/Insurance/Denied',
    BILL_DATE           DATE            COMMENT 'Date bill was generated',
    DEPARTMENT          VARCHAR(30)     COMMENT 'Department that provided service'
)
COMMENT = 'Raw billing and financial records';

INSERT INTO CAREVIEW_DB.BRONZE.BILLING (BILL_ID, VISIT_ID, PATIENT_ID, SERVICE_NAME, AMOUNT, PAYMENT_STATUS, BILL_DATE, DEPARTMENT)
VALUES
('B00001', 'V00001', 'P0001', 'Consultation Fee', 150.00, 'Paid', '2025-01-05', 'Cardiology'),
('B00002', 'V00002', 'P0001', 'Hospital Stay', 2500.00, 'Insurance', '2025-03-18', 'Cardiology'),
('B00003', 'V00002', 'P0001', 'Surgery Fee', 15000.00, 'Insurance', '2025-03-16', 'Cardiology'),
('B00004', 'V00003', 'P0002', 'Emergency Room Charge', 800.00, 'Paid', '2025-02-10', 'Emergency'),
('B00005', 'V00004', 'P0003', 'Consultation Fee', 150.00, 'Paid', '2025-01-20', 'Orthopedics'),
('B00006', 'V00004', 'P0003', 'Physical Therapy', 400.00, 'Pending', '2025-01-21', 'Orthopedics'),
('B00007', 'V00005', 'P0004', 'Hospital Stay', 2500.00, 'Insurance', '2025-03-01', 'Neurology'),
('B00008', 'V00005', 'P0004', 'ICU Charges', 5000.00, 'Insurance', '2025-02-26', 'Neurology'),
('B00009', 'V00006', 'P0005', 'Consultation Fee', 150.00, 'Paid', '2025-03-01', 'Pediatrics'),
('B00010', 'V00007', 'P0006', 'Laboratory Tests', 350.00, 'Paid', '2025-01-15', 'General'),
('B00011', 'V00008', 'P0006', 'Hospital Stay', 2500.00, 'Insurance', '2025-04-15', 'General'),
('B00012', 'V00009', 'P0007', 'Radiology Services', 1200.00, 'Insurance', '2025-02-21', 'Oncology'),
('B00013', 'V00009', 'P0007', 'Hospital Stay', 2500.00, 'Insurance', '2025-03-05', 'Oncology'),
('B00014', 'V00010', 'P0008', 'Consultation Fee', 150.00, 'Paid', '2025-03-10', 'Dermatology'),
('B00015', 'V00011', 'P0009', 'Emergency Room Charge', 800.00, 'Paid', '2025-01-25', 'Cardiology'),
('B00016', 'V00011', 'P0009', 'Surgery Fee', 15000.00, 'Insurance', '2025-01-26', 'Cardiology'),
('B00017', 'V00012', 'P0010', 'Emergency Room Charge', 800.00, 'Paid', '2025-02-05', 'Emergency'),
('B00018', 'V00013', 'P0011', 'Surgery Fee', 15000.00, 'Insurance', '2025-03-21', 'Orthopedics'),
('B00019', 'V00013', 'P0011', 'Hospital Stay', 2500.00, 'Insurance', '2025-03-25', 'Orthopedics'),
('B00020', 'V00014', 'P0012', 'Consultation Fee', 150.00, 'Paid', '2025-04-01', 'Neurology'),
('B00021', 'V00015', 'P0013', 'Consultation Fee', 150.00, 'Paid', '2025-01-10', 'Pediatrics'),
('B00022', 'V00016', 'P0014', 'Hospital Stay', 2500.00, 'Pending', '2025-02-18', 'General'),
('B00023', 'V00017', 'P0015', 'Radiology Services', 1200.00, 'Insurance', '2025-03-05', 'Oncology'),
('B00024', 'V00018', 'P0016', 'Consultation Fee', 150.00, 'Paid', '2025-04-15', 'Dermatology'),
('B00025', 'V00019', 'P0017', 'Hospital Stay', 2500.00, 'Insurance', '2025-02-02', 'Cardiology'),
('B00026', 'V00020', 'P0018', 'Emergency Room Charge', 800.00, 'Paid', '2025-02-28', 'Emergency'),
('B00027', 'V00021', 'P0019', 'Follow-up Visit', 120.00, 'Paid', '2025-03-25', 'Orthopedics'),
('B00028', 'V00022', 'P0020', 'Hospital Stay', 2500.00, 'Insurance', '2025-04-12', 'Neurology'),
('B00029', 'V00023', 'P0021', 'Consultation Fee', 150.00, 'Paid', '2025-01-12', 'Pediatrics'),
('B00030', 'V00024', 'P0022', 'Consultation Fee', 150.00, 'Paid', '2025-02-22', 'General'),
('B00031', 'V00025', 'P0023', 'Hospital Stay', 2500.00, 'Insurance', '2025-03-20', 'Oncology'),
('B00032', 'V00025', 'P0023', 'Radiology Services', 1200.00, 'Insurance', '2025-03-09', 'Oncology'),
('B00033', 'V00026', 'P0024', 'Consultation Fee', 150.00, 'Paid', '2025-04-18', 'Dermatology'),
('B00034', 'V00027', 'P0025', 'Consultation Fee', 150.00, 'Paid', '2025-01-08', 'Cardiology'),
('B00035', 'V00028', 'P0026', 'Emergency Room Charge', 800.00, 'Paid', '2025-02-12', 'Emergency'),
('B00036', 'V00029', 'P0027', 'Surgery Fee', 15000.00, 'Insurance', '2025-03-19', 'Orthopedics'),
('B00037', 'V00030', 'P0028', 'Consultation Fee', 150.00, 'Paid', '2025-04-08', 'Neurology'),
('B00038', 'V00031', 'P0029', 'Consultation Fee', 150.00, 'Paid', '2025-01-22', 'Pediatrics'),
('B00039', 'V00032', 'P0030', 'Hospital Stay', 2500.00, 'Pending', '2025-02-22', 'General'),
('B00040', 'V00033', 'P0031', 'Radiology Services', 1200.00, 'Insurance', '2025-03-12', 'Oncology'),
('B00041', 'V00034', 'P0032', 'Consultation Fee', 150.00, 'Paid', '2025-04-22', 'Dermatology'),
('B00042', 'V00035', 'P0033', 'Emergency Room Charge', 800.00, 'Paid', '2025-01-18', 'Cardiology'),
('B00043', 'V00035', 'P0033', 'Surgery Fee', 15000.00, 'Insurance', '2025-01-19', 'Cardiology'),
('B00044', 'V00036', 'P0034', 'Emergency Room Charge', 800.00, 'Paid', '2025-02-08', 'Emergency'),
('B00045', 'V00037', 'P0035', 'Follow-up Visit', 120.00, 'Paid', '2025-03-28', 'Orthopedics'),
('B00046', 'V00038', 'P0036', 'Hospital Stay', 2500.00, 'Insurance', '2025-04-18', 'Neurology'),
('B00047', 'V00039', 'P0037', 'Consultation Fee', 150.00, 'Paid', '2025-01-28', 'Pediatrics'),
('B00048', 'V00040', 'P0038', 'Consultation Fee', 150.00, 'Paid', '2025-02-25', 'General'),
('B00049', 'V00041', 'P0039', 'Hospital Stay', 2500.00, 'Insurance', '2025-03-28', 'Oncology'),
('B00050', 'V00042', 'P0040', 'Consultation Fee', 150.00, 'Paid', '2025-04-25', 'Dermatology'),
('B00051', 'V00043', 'P0041', 'Consultation Fee', 150.00, 'Paid', '2025-01-05', 'Cardiology'),
('B00052', 'V00044', 'P0042', 'Emergency Room Charge', 800.00, 'Paid', '2025-02-02', 'Emergency'),
('B00053', 'V00045', 'P0043', 'Surgery Fee', 15000.00, 'Insurance', '2025-03-23', 'Orthopedics'),
('B00054', 'V00046', 'P0044', 'Consultation Fee', 150.00, 'Paid', '2025-04-02', 'Neurology'),
('B00055', 'V00047', 'P0045', 'Consultation Fee', 150.00, 'Paid', '2025-01-15', 'Pediatrics'),
('B00056', 'V00048', 'P0046', 'Hospital Stay', 2500.00, 'Pending', '2025-02-25', 'General'),
('B00057', 'V00049', 'P0047', 'Radiology Services', 1200.00, 'Insurance', '2025-03-10', 'Oncology'),
('B00058', 'V00050', 'P0048', 'Consultation Fee', 150.00, 'Paid', '2025-04-28', 'Dermatology'),
('B00059', 'V00051', 'P0049', 'Hospital Stay', 2500.00, 'Insurance', '2025-01-14', 'Cardiology'),
('B00060', 'V00052', 'P0050', 'Emergency Room Charge', 800.00, 'Paid', '2025-02-15', 'Emergency'),
('B00061', 'V00053', 'P0051', 'Follow-up Visit', 120.00, 'Paid', '2025-03-05', 'Orthopedics'),
('B00062', 'V00054', 'P0052', 'Consultation Fee', 150.00, 'Paid', '2025-04-15', 'Neurology'),
('B00063', 'V00055', 'P0053', 'Consultation Fee', 150.00, 'Paid', '2025-01-25', 'Pediatrics'),
('B00064', 'V00056', 'P0054', 'Consultation Fee', 150.00, 'Paid', '2025-02-28', 'General'),
('B00065', 'V00057', 'P0055', 'Surgery Fee', 15000.00, 'Insurance', '2025-03-19', 'Oncology'),
('B00066', 'V00058', 'P0056', 'Consultation Fee', 150.00, 'Paid', '2025-04-05', 'Dermatology'),
('B00067', 'V00059', 'P0057', 'Consultation Fee', 150.00, 'Paid', '2025-01-20', 'Cardiology'),
('B00068', 'V00060', 'P0058', 'Emergency Room Charge', 800.00, 'Paid', '2025-02-10', 'Emergency'),
('B00069', 'V00061', 'P0059', 'Surgery Fee', 15000.00, 'Insurance', '2025-03-26', 'Orthopedics'),
('B00070', 'V00062', 'P0060', 'Hospital Stay', 2500.00, 'Insurance', '2025-04-28', 'Neurology'),
('B00071', 'V00063', 'P0061', 'Consultation Fee', 150.00, 'Paid', '2025-01-08', 'Pediatrics'),
('B00072', 'V00064', 'P0062', 'Hospital Stay', 2500.00, 'Pending', '2025-02-26', 'General'),
('B00073', 'V00065', 'P0063', 'Radiology Services', 1200.00, 'Insurance', '2025-03-08', 'Oncology'),
('B00074', 'V00066', 'P0064', 'Consultation Fee', 150.00, 'Paid', '2025-04-10', 'Dermatology'),
('B00075', 'V00067', 'P0065', 'Emergency Room Charge', 800.00, 'Paid', '2025-01-30', 'Cardiology'),
('B00076', 'V00067', 'P0065', 'Surgery Fee', 15000.00, 'Insurance', '2025-01-31', 'Cardiology'),
('B00077', 'V00068', 'P0066', 'Emergency Room Charge', 800.00, 'Paid', '2025-02-05', 'Emergency'),
('B00078', 'V00069', 'P0067', 'Follow-up Visit', 120.00, 'Paid', '2025-03-20', 'Orthopedics'),
('B00079', 'V00070', 'P0068', 'Consultation Fee', 150.00, 'Paid', '2025-04-25', 'Neurology'),
('B00080', 'V00071', 'P0069', 'Consultation Fee', 150.00, 'Paid', '2025-01-12', 'Pediatrics'),
('B00081', 'V00072', 'P0070', 'Consultation Fee', 150.00, 'Paid', '2025-02-18', 'General'),
('B00082', 'V00073', 'P0071', 'Hospital Stay', 2500.00, 'Insurance', '2025-04-10', 'Oncology'),
('B00083', 'V00074', 'P0072', 'Consultation Fee', 150.00, 'Paid', '2025-04-08', 'Dermatology'),
('B00084', 'V00075', 'P0073', 'Consultation Fee', 150.00, 'Paid', '2025-01-18', 'Cardiology'),
('B00085', 'V00076', 'P0074', 'Emergency Room Charge', 800.00, 'Paid', '2025-02-25', 'Emergency'),
('B00086', 'V00077', 'P0075', 'Surgery Fee', 15000.00, 'Insurance', '2025-03-13', 'Orthopedics'),
('B00087', 'V00078', 'P0076', 'Hospital Stay', 2500.00, 'Insurance', '2025-04-25', 'Neurology'),
('B00088', 'V00079', 'P0077', 'Consultation Fee', 150.00, 'Paid', '2025-01-22', 'Pediatrics'),
('B00089', 'V00080', 'P0078', 'Hospital Stay', 2500.00, 'Pending', '2025-02-16', 'General'),
('B00090', 'V00081', 'P0079', 'Radiology Services', 1200.00, 'Insurance', '2025-03-02', 'Oncology'),
('B00091', 'V00082', 'P0080', 'Consultation Fee', 150.00, 'Paid', '2025-04-22', 'Dermatology'),
('B00092', 'V00083', 'P0081', 'Hospital Stay', 2500.00, 'Insurance', '2025-02-01', 'Cardiology'),
('B00093', 'V00084', 'P0082', 'Emergency Room Charge', 800.00, 'Paid', '2025-02-08', 'Emergency'),
('B00094', 'V00085', 'P0083', 'Follow-up Visit', 120.00, 'Paid', '2025-03-15', 'Orthopedics'),
('B00095', 'V00086', 'P0084', 'Consultation Fee', 150.00, 'Paid', '2025-04-12', 'Neurology'),
('B00096', 'V00087', 'P0085', 'Consultation Fee', 150.00, 'Paid', '2025-01-05', 'Pediatrics'),
('B00097', 'V00088', 'P0086', 'Consultation Fee', 150.00, 'Paid', '2025-02-20', 'General'),
('B00098', 'V00089', 'P0087', 'Surgery Fee', 15000.00, 'Insurance', '2025-03-23', 'Oncology'),
('B00099', 'V00090', 'P0088', 'Consultation Fee', 150.00, 'Paid', '2025-04-02', 'Dermatology'),
('B00100', 'V00091', 'P0089', 'Consultation Fee', 150.00, 'Paid', '2025-01-15', 'Cardiology'),
('B00101', 'V00092', 'P0090', 'Emergency Room Charge', 800.00, 'Paid', '2025-03-01', 'Emergency'),
('B00102', 'V00093', 'P0091', 'Surgery Fee', 15000.00, 'Insurance', '2025-03-09', 'Orthopedics'),
('B00103', 'V00094', 'P0092', 'Consultation Fee', 150.00, 'Paid', '2025-04-28', 'Neurology'),
('B00104', 'V00095', 'P0093', 'Consultation Fee', 150.00, 'Paid', '2025-01-25', 'Pediatrics'),
('B00105', 'V00096', 'P0094', 'Hospital Stay', 2500.00, 'Pending', '2025-02-20', 'General'),
('B00106', 'V00097', 'P0095', 'Radiology Services', 1200.00, 'Insurance', '2025-03-18', 'Oncology'),
('B00107', 'V00098', 'P0096', 'Consultation Fee', 150.00, 'Paid', '2025-04-05', 'Dermatology'),
('B00108', 'V00099', 'P0097', 'Emergency Room Charge', 800.00, 'Paid', '2025-01-10', 'Cardiology'),
('B00109', 'V00099', 'P0097', 'Surgery Fee', 15000.00, 'Denied', '2025-01-11', 'Cardiology'),
('B00110', 'V00100', 'P0098', 'Emergency Room Charge', 800.00, 'Paid', '2025-02-22', 'Emergency'),
('B00111', 'V00101', 'P0099', 'Follow-up Visit', 120.00, 'Paid', '2025-03-25', 'Orthopedics'),
('B00112', 'V00102', 'P0100', 'Hospital Stay', 2500.00, 'Insurance', '2025-04-22', 'Neurology'),
('B00113', 'V00103', 'P0001', 'Follow-up Visit', 120.00, 'Paid', '2025-05-10', 'Cardiology'),
('B00114', 'V00104', 'P0002', 'Consultation Fee', 150.00, 'Paid', '2025-05-15', 'General'),
('B00115', 'V00105', 'P0003', 'Surgery Fee', 15000.00, 'Insurance', '2025-05-21', 'Orthopedics'),
('B00116', 'V00106', 'P0004', 'Follow-up Visit', 120.00, 'Paid', '2025-06-01', 'Neurology'),
('B00117', 'V00107', 'P0005', 'Emergency Room Charge', 800.00, 'Paid', '2025-06-05', 'Emergency'),
('B00118', 'V00108', 'P0006', 'Laboratory Tests', 350.00, 'Paid', '2025-06-10', 'General'),
('B00119', 'V00109', 'P0007', 'Hospital Stay', 2500.00, 'Insurance', '2025-06-28', 'Oncology'),
('B00120', 'V00110', 'P0008', 'Consultation Fee', 150.00, 'Paid', '2025-06-20', 'Dermatology');

-- ============================================================================
-- 6. APPLY GOVERNANCE POLICIES
-- ============================================================================
ALTER TABLE CAREVIEW_DB.BRONZE.PATIENTS MODIFY COLUMN 
    FIRST_NAME SET MASKING POLICY CAREVIEW_DB.BRONZE.MASK_PHI_STRING;
    
ALTER TABLE CAREVIEW_DB.BRONZE.PATIENTS MODIFY COLUMN 
    LAST_NAME SET MASKING POLICY CAREVIEW_DB.BRONZE.MASK_PHI_STRING;
    
ALTER TABLE CAREVIEW_DB.BRONZE.PATIENTS MODIFY COLUMN 
    PHONE_NUMBER SET MASKING POLICY CAREVIEW_DB.BRONZE.MASK_PHONE;

ALTER TABLE CAREVIEW_DB.BRONZE.BILLING MODIFY COLUMN 
    AMOUNT SET MASKING POLICY CAREVIEW_DB.BRONZE.MASK_AMOUNT;

ALTER TABLE CAREVIEW_DB.BRONZE.VISITS ADD ROW ACCESS POLICY 
    CAREVIEW_DB.BRONZE.ROW_ACCESS_BY_DEPT ON (DEPARTMENT);
